order_id,customer_id,product,amount,order_date,status,order_year_month
O00460,C0017,HDMI Cable,18.78,2023-12-16,refunded,2023-12
O00967,C0116,Webcam,80.51,2024-05-16,completed,2024-05
O00679,C0045,Mouse Pad,27.16,2023-08-22,refunded,2023-08
O00353,C0097,Bluetooth Speaker,266.95,2025-11-24,pending,2025-11
O00487,C0122,Desk Lamp,173.61,2024-04-23,cancelled,2024-04
O00597,C0035,Desk Lamp,167.15,2025-10-01,refunded,2025-10
O00753,C0178,Bluetooth Speaker,370.56,2024-11-09,cancelled,2024-11
O00401,C0018,Pen Set,50.54,,cancelled,
O00786,C0089,Marker Set,31.75,2023-12-25,cancelled,2023-12
O00133,C0070,Mouse Pad,13.56,2023-06-07,cancelled,2023-06
O00828,C0044,Phone Case,59.63,2025-09-23,refunded,2025-09
O00463,C0099,Keyboard,240.18,2025-06-01,pending,2025-06
O00820,C0090,Mouse Pad,58.83,2023-04-29,cancelled,2023-04
O00626,C0077,Headphones,317.88,2025-04-12,cancelled,2025-04
O00646,C0059,Phone Case,26.75,2025-08-14,refunded,2025-08
O00542,C0129,Mouse Pad,18.74,2024-08-21,cancelled,2024-08
O00294,C0125,HDMI Cable,70.11,2025-06-19,refunded,2025-06
O00093,C0148,Monitor,1749.62,2025-07-26,refunded,2025-07
O00658,C0162,Backpack,56.0,2025-08-07,completed,2025-08
O00319,C0028,Standing Desk,507.57,2023-08-28,refunded,2023-08
O00144,C0164,Pen Set,55.235,2023-09-25,pending,2023-09
O00790,C0054,Mouse Pad,18.54,2025-08-03,cancelled,2025-08
O00069,C0022,Cable Organizer,82.33,2023-05-31,cancelled,2023-05
O00317,C0024,Standing Desk,1513.12,2024-12-13,pending,2024-12
O00117,C0034,Earbuds,127.97,2023-01-17,refunded,2023-01
O00102,C0030,Webcam,365.53,2023-03-27,completed,2023-03
O00640,C0025,Standing Desk,496.29,2025-08-22,pending,2025-08
O00276,C0035,Surge Protector,126.88,2024-08-27,cancelled,2024-08
O00345,C0141,Wireless Mouse,44.26,2023-06-20,completed,2023-06
O00174,C0027,Keyboard,239.22,2023-06-03,cancelled,2023-06
O00333,C0116,Phone Case,98.23,2024-04-13,completed,2024-04
O00994,C0053,Keyboard,242.48,2023-11-10,refunded,2023-11
O00316,C0023,Webcam,283.79,,cancelled,
O00882,C0091,External SSD,602.12,2024-04-13,cancelled,2024-04
O00520,C0130,Bluetooth Speaker,374.22,2024-07-20,completed,2024-07
O00206,C0067,Tablet Stand,74.68,2024-05-07,cancelled,2024-05
O00200,C0073,Laptop,3996.2,2024-03-14,completed,2024-03
O00821,C0064,Bluetooth Speaker,355.82,2023-02-27,completed,2023-02
O00583,C0113,Whiteboard,44.51,2025-02-16,completed,2025-02
O00791,C0050,Pen Set,8.26,2023-10-07,cancelled,2023-10
O00438,C0001,Monitor,356.61,2024-02-29,cancelled,2024-02
O00422,C0047,Cable Organizer,98.4,2023-10-05,cancelled,2023-10
O00642,C0011,Earbuds,121.49,2024-11-25,pending,2024-11
O00195,C0125,Cable Organizer,96.63,2025-11-21,refunded,2025-11
O00483,C0071,Webcam,83.53,2023-11-06,completed,2023-11
O00920,C0084,Keyboard,401.55,2024-08-26,completed,2024-08
O00558,C0015,Whiteboard,139.91,2025-05-25,completed,2025-05
O00637,C0073,Surge Protector,61.44,2023-10-26,pending,2023-10
O00454,C0141,Chair Mat,148.51,2024-08-03,cancelled,2024-08
O00586,C0176,External SSD,248.83,2025-05-26,refunded,2025-05
O00771,C0049,Marker Set,64.9,2024-06-18,pending,2024-06
O00147,C0116,Desk Lamp,161.59,2023-11-19,pending,2023-11
O00794,C0020,Whiteboard,56.92,2025-01-03,pending,2025-01
O00947,C0036,Surge Protector,152.41,2025-04-22,completed,2025-04
O00897,C0171,Webcam,75.52,2023-09-18,cancelled,2023-09
O00630,C0081,Earbuds,57.76,2023-09-24,pending,2023-09
O00430,C0063,Standing Desk,1510.46,2024-03-01,pending,2024-03
O00020,C0155,Monitor,1052.08,2025-10-08,cancelled,2025-10
O00852,C0180,Surge Protector,46.07,2025-09-25,completed,2025-09
O00040,C0060,Surge Protector,142.92,2024-10-18,completed,2024-10
O00364,C0003,Wireless Mouse,164.54,2023-11-14,completed,2023-11
O00427,C0108,Desk Lamp,133.22,2024-08-14,completed,2024-08
O00562,C0097,Keyboard,85.23,2025-04-28,refunded,2025-04
O00308,C0065,Webcam,355.54,2024-07-18,completed,2024-07
O00834,C0087,Notebook,37.96,2025-01-09,pending,2025-01
O00607,C0149,Monitor,1054.37,2025-08-31,cancelled,2025-08
O00445,C0008,Chair Mat,210.62,2025-03-08,pending,2025-03
O00220,C0088,HDMI Cable,58.72,2025-04-06,completed,2025-04
O00593,C0098,Power Bank,103.79,2023-07-17,refunded,2023-07
O00682,C0028,Power Bank,189.5,2023-03-27,refunded,2023-03
O00340,C0098,Power Bank,111.56,2023-12-10,pending,2023-12
O00600,C0094,Notebook,25.62,2024-11-29,cancelled,2024-11
O00696,C0117,Chair Mat,115.11,2024-04-23,refunded,2024-04
O00043,C0077,Pen Set,39.84,2024-04-06,completed,2024-04
O00529,C0076,Power Bank,84.72,2023-12-15,completed,2023-12
O00164,C0034,Chair Mat,117.95,,refunded,
O00990,C0133,Surge Protector,142.89,2025-05-30,cancelled,2025-05
O00310,C0089,Cable Organizer,77.35,2023-09-01,completed,2023-09
O00966,C0113,Notebook,46.07,2025-02-04,refunded,2025-02
O00530,C0023,Backpack,307.18,2025-08-27,cancelled,2025-08
O00675,C0130,Bluetooth Speaker,467.68,2025-08-17,cancelled,2025-08
O00215,C0081,Tablet Stand,20.11,2023-12-12,refunded,2023-12
O00303,C0155,Standing Desk,517.41,2025-06-02,pending,2025-06
O00769,C0140,Tablet Stand,39.64,2023-07-21,pending,2023-07
O00954,C0139,Monitor,1054.37,2024-09-25,pending,2024-09
O00131,C0031,Laptop,2012.52,2024-12-11,pending,2024-12
O00768,C0114,Bluetooth Speaker,281.1,2023-06-18,refunded,2023-06
O00941,C0135,Earbuds,132.56,2023-01-06,completed,2023-01
O00324,C0122,Chair Mat,150.43,2024-01-10,completed,2024-01
O00509,C0039,Surge Protector,140.77,2023-10-17,refunded,2023-10
O00953,C0028,Monitor,354.06,2024-11-18,completed,2024-11
O00418,C0153,Standing Desk,2510.98,2023-03-20,cancelled,2023-03
O00513,C0140,USB Cable,45.88,2023-04-04,cancelled,2023-04
O00441,C0102,Surge Protector,89.5,2023-12-26,pending,2023-12
O00559,C0073,Notebook,20.67,2023-06-29,cancelled,2023-06
O00853,C0006,Standing Desk,2003.4,2024-12-14,refunded,2024-12
O00138,C0012,Pen Set,29.91,2024-09-28,cancelled,2024-09
O00910,C0034,Tablet Stand,122.96,2024-01-26,refunded,2024-01
O00456,C0028,Pen Set,10.14,2025-07-02,pending,2025-07
O00137,C0082,Webcam,79.28,2023-04-18,refunded,2023-04
O00371,C0083,Surge Protector,39.45,2025-03-04,refunded,2025-03
O00652,C0169,HDMI Cable,70.67,2023-01-12,cancelled,2023-01
O00603,C0146,Mouse Pad,49.63,2023-02-15,cancelled,2023-02
O00204,C0150,Monitor,357.78,2025-02-05,pending,2025-02
O00632,C0095,Phone Case,96.87,2024-04-04,refunded,2024-04
O00372,C0142,USB Cable,52.03,2024-10-21,cancelled,2024-10
O00293,C0168,Keyboard,401.24,2024-04-01,cancelled,2024-04
O00984,C0139,Backpack,242.09,2025-06-14,refunded,2025-06
O00425,C0022,Mouse Pad,61.13,2023-11-24,pending,2023-11
O00177,C0068,Whiteboard,137.41,2025-03-15,refunded,2025-03
O00915,C0176,Standing Desk,2519.24,2025-11-09,cancelled,2025-11
O00396,C0158,External SSD,356.20000000000005,2024-04-23,completed,2024-04
O00579,C0032,Power Bank,79.67,2024-12-20,pending,2024-12
O00053,C0128,Standing Desk,1501.4,2025-10-01,cancelled,2025-10
O00213,C0031,Whiteboard,188.21,2023-11-05,pending,2023-11
O00187,C0082,Surge Protector,25.17,2024-10-29,completed,2024-10
O00296,C0030,HDMI Cable,66.94,2025-04-21,completed,2025-04
O00375,C0004,Headphones,618.17,2025-08-16,refunded,2025-08
O00577,C0020,Laptop,3997.88,2023-08-09,refunded,2023-08
O00811,C0050,Wireless Mouse,78.44,2023-12-22,completed,2023-12
O00777,C0151,Laptop,5014.58,2023-11-11,refunded,2023-11
O00173,C0167,Cable Organizer,31.05,,pending,
O00969,C0172,Keyboard,246.62,2025-08-10,refunded,2025-08
O00733,C0045,Keyboard,242.48,2024-06-15,refunded,2024-06
O00081,C0163,Desk Lamp,81.3,2025-05-16,refunded,2025-05
O00007,C0044,Mouse Pad,74.32,2024-05-11,refunded,2024-05
O00023,C0103,Whiteboard,44.61,,cancelled,
O00807,C0165,Wireless Mouse,78.07,2025-06-27,completed,2025-06
O00997,C0067,Whiteboard,46.86,2023-02-17,refunded,2023-02
O00411,C0106,Desk Lamp,173.6,2024-07-14,refunded,2024-07
O00140,C0051,Surge Protector,153.96,,refunded,
O00058,C0129,Marker Set,51.11,2023-08-08,completed,2023-08
O00983,C0110,Mouse Pad,33.8,2025-05-27,completed,2025-05
O00409,C0035,Backpack,131.39,2023-11-20,refunded,2023-11
O00724,C0036,Surge Protector,159.92,2024-03-07,pending,2024-03
O00377,C0020,Headphones,747.38,2025-02-28,completed,2025-02
O00399,C0141,HDMI Cable,88.2,2023-02-07,refunded,2023-02
O00536,C0161,External SSD,136.5,2024-11-12,cancelled,2024-11
O00927,C0004,Power Bank,103.79,2023-01-28,completed,2023-01
O00883,C0079,Backpack,196.1,2023-06-07,cancelled,2023-06
O00528,C0016,Webcam,137.76,2025-05-06,completed,2025-05
O00165,C0037,Cable Organizer,32.15,2023-05-29,cancelled,2023-05
O00162,C0146,Earbuds,129.06,2025-10-05,refunded,2025-10
O00680,C0058,HDMI Cable,64.81,2023-04-06,completed,2023-04
O00183,C0100,Mouse Pad,67.1,2025-08-30,refunded,2025-08
O00096,C0030,Phone Case,72.31,2025-05-06,cancelled,2025-05
O00557,C0174,Whiteboard,64.39,2025-10-01,refunded,2025-10
O00934,C0092,Keyboard,403.29,2023-06-23,completed,2023-06
O00561,C0151,Power Bank,33.58,2024-11-17,refunded,2024-11
O00651,C0101,Notebook,48.18,,cancelled,
O00334,C0143,Backpack,239.86,2023-11-03,completed,2023-11
O00016,C0106,Chair Mat,197.47,2023-01-11,completed,2023-01
O00788,C0071,Tablet Stand,127.25,2024-03-20,refunded,2024-03
O00690,C0078,Surge Protector,89.5,2024-07-26,completed,2024-07
O00612,C0038,Bluetooth Speaker,193.64,2025-06-10,cancelled,2025-06
O00210,C0047,Desk Lamp,46.76,2024-01-10,cancelled,2024-01
O00027,C0107,Marker Set,62.77,2024-03-23,cancelled,2024-03
O00061,C0024,Pen Set,56.39,2023-01-20,refunded,2023-01
O00235,C0124,HDMI Cable,32.18,2023-05-10,completed,2023-05
O00469,C0104,USB Cable,26.53,2023-04-19,cancelled,2023-04
O00645,C0081,Surge Protector,126.05,2025-06-20,pending,2025-06
O00405,C0061,Mouse Pad,51.27,2025-03-03,pending,2025-03
O00881,C0014,Surge Protector,96.66,2025-05-06,cancelled,2025-05
O00025,C0016,Whiteboard,51.62,2025-10-26,refunded,2025-10
O00060,C0118,Earbuds,139.74,2023-06-15,pending,2023-06
O00435,C0179,Headphones,746.4,2023-06-29,pending,2023-06
O00567,C0067,Tablet Stand,119.32,2025-02-03,completed,2025-02
O00644,C0093,Backpack,197.54,2024-06-24,completed,2024-06
O00895,C0042,USB Cable,36.18,2024-02-11,pending,2024-02
O00595,C0140,Laptop,1019.76,2023-09-01,cancelled,2023-09
O00729,C0179,Laptop,1006.56,2025-06-29,completed,2025-06
O00150,C0032,Laptop,1015.75,2023-09-25,cancelled,2023-09
O00512,C0017,Headphones,603.39,2025-04-03,refunded,2025-04
O00959,C0021,Tablet Stand,43.81,2024-03-17,completed,2024-03
O00866,C0053,Tablet Stand,47.18,2023-03-13,refunded,2023-03
O00083,C0180,Standing Desk,2510.9,2024-05-23,completed,2024-05
O00307,C0002,Pen Set,38.17,2025-01-11,refunded,2025-01
O00700,C0068,Earbuds,250.87,2025-09-29,completed,2025-09
O00067,C0014,Monitor,1400.76,,pending,
O00773,C0102,Bluetooth Speaker,193.06,2024-04-23,refunded,2024-04
O00188,C0180,Power Bank,183.01,2025-04-28,refunded,2025-04
O00732,C0029,Webcam,357.46,2024-02-01,refunded,2024-02
O00359,C0019,Standing Desk,1999.5,2024-05-27,refunded,2024-05
O00451,C0086,External SSD,117.57,2024-10-01,pending,2024-10
O00553,C0130,Chair Mat,156.82,2023-10-29,cancelled,2023-10
O00197,C0009,External SSD,137.94,2024-07-15,refunded,2024-07
O00453,C0039,Phone Case,57.83,2025-11-18,cancelled,2025-11
O00725,C0175,Chair Mat,169.46,2024-07-13,pending,2024-07
O00932,C0007,Bluetooth Speaker,364.59,2024-08-10,cancelled,2024-08
O00459,C0037,Power Bank,122.79,2024-11-07,completed,2024-11
O00329,C0033,Wireless Mouse,164.93,2023-03-08,completed,2023-03
O00552,C0128,Cable Organizer,50.67,2023-11-16,refunded,2023-11
O00414,C0167,Notebook,28.28,2023-10-09,pending,2023-10
O00238,C0157,Wireless Mouse,41.07,2025-08-19,cancelled,2025-08
O00838,C0084,Whiteboard,180.8,2023-06-16,refunded,2023-06
O00757,C0174,USB Cable,51.33,2024-11-24,completed,2024-11
O00391,C0130,Keyboard,165.78,2023-10-31,refunded,2023-10
O00666,C0078,Power Bank,178.97,2025-03-19,completed,2025-03
O00996,C0048,Bluetooth Speaker,182.4,2024-05-17,cancelled,2024-05
O00370,C0001,Cable Organizer,84.43,2023-02-08,completed,2023-02
O00643,C0136,Backpack,121.49,2023-09-19,pending,2023-09
O00242,C0001,Keyboard,419.03,2025-11-07,cancelled,2025-11
O00978,C0083,Whiteboard,130.32,2023-10-30,refunded,2023-10
O00864,C0136,HDMI Cable,22.96,2023-09-12,refunded,2023-09
O00550,C0082,Earbuds,126.0,2024-02-25,pending,2024-02
O00039,C0113,Bluetooth Speaker,450.38,2023-04-26,pending,2023-04
O00168,C0097,Desk Lamp,118.15,2025-03-12,pending,2025-03
O00419,C0011,Bluetooth Speaker,458.4,2023-03-22,pending,2023-03
O00474,C0117,Marker Set,63.21,2025-07-19,cancelled,2025-07
O00132,C0043,Notebook,25.72,2023-08-30,cancelled,2023-08
O00241,C0081,Monitor,1054.37,2025-04-06,refunded,2025-04
O00806,C0063,Power Bank,31.49,2024-08-30,completed,2024-08
O00665,C0005,Laptop,3997.88,2025-09-04,refunded,2025-09
O00497,C0068,Phone Case,76.69,2024-02-15,refunded,2024-02
O00818,C0096,HDMI Cable,78.1,2025-02-03,refunded,2025-02
O00358,C0096,External SSD,123.25,2023-10-27,cancelled,2023-10
O00385,C0040,USB Cable,34.15,2024-04-22,cancelled,2024-04
O00514,C0031,Webcam,153.92,2025-01-27,completed,2025-01
O00801,C0057,Keyboard,251.22,2023-05-18,refunded,2023-05
O00694,C0152,Webcam,155.79,2025-05-15,pending,2025-05
O00368,C0076,Standing Desk,1999.7,2024-12-13,pending,2024-12
O00985,C0023,Monitor,361.23,2025-04-22,refunded,2025-04
O00186,C0033,Wireless Mouse,116.92,2024-02-18,pending,2024-02
O00523,C0138,Phone Case,54.62,2023-08-26,cancelled,2023-08
O00120,C0018,Mouse Pad,55.16,2025-06-20,completed,2025-06
O00036,C0119,Whiteboard,230.55,2024-04-15,completed,2024-04
O00758,C0095,Notebook,30.51,2025-06-07,completed,2025-06
O00767,C0116,External SSD,485.18,2024-10-11,completed,2024-10
O00975,C0048,Wireless Mouse,47.36,2024-08-31,cancelled,2024-08
O00485,C0153,USB Cable,53.78,2025-02-23,completed,2025-02
O00664,C0048,Headphones,296.94,2024-06-15,refunded,2024-06
O00229,C0068,External SSD,117.49,2023-03-22,pending,2023-03
O00167,C0167,Chair Mat,112.66,2024-12-31,completed,2024-12
O00390,C0129,Marker Set,16.81,2025-03-15,refunded,2025-03
O00009,C0016,Marker Set,25.95,2025-09-06,completed,2025-09
O00078,C0082,Desk Lamp,179.15,2024-10-29,cancelled,2024-10
O00991,C0050,Power Bank,155.67,2025-05-28,cancelled,2025-05
O00436,C0110,Power Bank,106.46,2024-12-25,refunded,2024-12
O00100,C0126,Phone Case,29.12,2024-03-27,completed,2024-03
O00443,C0086,External SSD,356.20000000000005,2024-09-05,pending,2024-09
O00890,C0101,Headphones,468.2,2025-11-21,refunded,2025-11
O00620,C0100,Surge Protector,74.37,2023-08-07,pending,2023-08
O00269,C0083,Mouse Pad,30.7,2023-01-16,completed,2023-01
O00761,C0162,Webcam,156.27,2025-09-28,refunded,2025-09
O00804,C0171,HDMI Cable,18.37,2025-07-08,completed,2025-07
O00718,C0119,Standing Desk,1754.19,2024-04-23,refunded,2024-04
O00589,C0017,Notebook,15.45,2025-04-07,cancelled,2025-04
O00107,C0174,Monitor,719.05,2023-05-02,completed,2023-05
O00119,C0081,Notebook,16.4,2023-09-30,completed,2023-09
O00618,C0102,Surge Protector,56.88,2025-10-21,refunded,2025-10
O00400,C0012,Webcam,136.48,2024-07-09,completed,2024-07
O00493,C0065,Headphones,145.58,2024-03-20,refunded,2024-03
O00099,C0099,Standing Desk,2511.28,2025-10-04,cancelled,2025-10
O00382,C0141,Surge Protector,87.97,2025-03-24,pending,2025-03
O00842,C0028,Backpack,59.0,2025-02-24,pending,2025-02
O00189,C0150,Cable Organizer,34.11,2023-07-26,cancelled,2023-07
O00253,C0167,Phone Case,108.51,2023-08-25,refunded,2023-08
O00613,C0163,Headphones,601.63,2023-11-25,completed,2023-11
O00715,C0174,Phone Case,30.35,2023-02-25,cancelled,2023-02
O00923,C0162,Cable Organizer,62.85,2025-06-07,refunded,2025-06
O00246,C0028,Webcam,349.85,2025-03-15,completed,2025-03
O00244,C0169,Notebook,21.81,2024-03-30,pending,2024-03
O00299,C0124,Phone Case,55.74,2024-01-08,pending,2024-01
O00580,C0149,Notebook,16.98,2024-05-10,refunded,2024-05
O00088,C0088,External SSD,248.01,2023-07-19,cancelled,2023-07
O00124,C0133,Power Bank,174.67,2023-04-22,refunded,2023-04
O00073,C0022,Surge Protector,157.58,2023-12-14,completed,2023-12
O00278,C0079,Headphones,450.26,2025-11-15,completed,2025-11
O00868,C0076,Whiteboard,231.07,2024-10-02,cancelled,2024-10
O00880,C0003,Whiteboard,237.78,2023-10-20,pending,2023-10
O00914,C0179,USB Cable,26.11,2024-01-25,refunded,2024-01
O00885,C0174,Mouse Pad,30.97,,completed,
O00610,C0148,HDMI Cable,41.5,2025-08-15,refunded,2025-08
O00398,C0079,External SSD,475.53,2024-03-09,pending,2024-03
O00712,C0114,Keyboard,410.12,2023-04-03,completed,2023-04
O00248,C0130,USB Cable,35.07,2025-06-05,refunded,2025-06
O00670,C0121,Laptop,4009.59,2025-03-13,refunded,2025-03
O00154,C0045,Notebook,29.69,2025-07-02,completed,2025-07
O00347,C0135,Phone Case,15.87,2024-10-28,refunded,2024-10
O00837,C0132,Backpack,115.06,2024-10-21,pending,2024-10
O00719,C0173,Monitor,714.05,2023-09-15,cancelled,2023-09
O00228,C0039,Keyboard,396.83,2024-06-08,pending,2024-06
O00259,C0142,Wireless Mouse,43.58,2025-06-26,cancelled,2025-06
O00013,C0098,Pen Set,57.84,2024-08-17,cancelled,2024-08
O00916,C0103,Power Bank,103.79,2024-03-22,refunded,2024-03
O00751,C0178,Marker Set,45.95,2024-11-18,pending,2024-11
O00311,C0026,Headphones,754.96,2023-04-17,completed,2023-04
O00127,C0004,Webcam,156.27,2025-03-26,refunded,2025-03
O00855,C0014,Marker Set,33.41,2023-10-09,pending,2023-10
O00481,C0145,Webcam,80.72,2023-04-16,completed,2023-04
O00906,C0072,Notebook,25.13,,pending,
O00563,C0036,Headphones,315.79,2025-10-01,pending,2025-10
O00431,C0168,Notebook,25.605,2024-09-03,pending,2024-09
O00902,C0122,Marker Set,21.52,2024-01-07,refunded,2024-01
O00059,C0050,Power Bank,176.26,2025-03-23,cancelled,2025-03
O00706,C0107,HDMI Cable,77.69,2024-11-22,completed,2024-11
O00332,C0094,Phone Case,85.56,2025-02-01,pending,2025-02
O00674,C0115,Marker Set,31.48,2024-01-29,completed,2024-01
O00800,C0028,Notebook,17.31,2024-10-09,cancelled,2024-10
O00898,C0129,Surge Protector,110.25,2023-02-13,refunded,2023-02
O00115,C0024,Tablet Stand,76.23,2023-12-05,pending,2023-12
O00384,C0081,Laptop,3017.95,2023-11-13,cancelled,2023-11
O00556,C0150,Mouse Pad,38.51,2024-02-05,cancelled,2024-02
O00901,C0048,Bluetooth Speaker,284.14,2024-05-21,completed,2024-05
O00416,C0053,Keyboard,178.16,2025-09-30,cancelled,2025-09
O00265,C0024,Notebook,29.06,2024-11-09,refunded,2024-11
O00874,C0098,Laptop,5001.14,2023-08-14,cancelled,2023-08
O00887,C0176,Power Bank,45.17,2024-04-05,completed,2024-04
O00262,C0150,Webcam,73.25,2023-11-14,pending,2023-11
O00412,C0034,Phone Case,34.05,2024-06-30,completed,2024-06
O00476,C0069,Backpack,131.39,2023-03-19,cancelled,2023-03
O00519,C0090,Backpack,68.93,2023-07-15,refunded,2023-07
O00691,C0180,Pen Set,63.06,2025-06-24,cancelled,2025-06
O00656,C0080,Whiteboard,223.23,2025-01-22,cancelled,2025-01
O00743,C0144,Wireless Mouse,106.22,2025-04-21,completed,2025-04
O00537,C0070,Marker Set,53.51,2023-06-15,pending,2023-06
O00548,C0124,Notebook,25.605,2024-12-24,completed,2024-12
O00305,C0026,Backpack,121.34,2023-06-21,refunded,2023-06
O00850,C0154,Chair Mat,157.53,2024-07-14,completed,2024-07
O00608,C0167,Desk Lamp,215.05,2024-10-03,pending,2024-10
O00417,C0064,Backpack,254.37,2025-02-18,refunded,2025-02
O00029,C0052,Earbuds,298.7,2025-06-23,refunded,2025-06
O00755,C0162,Earbuds,139.74,2024-02-10,pending,2024-02
O00972,C0082,Earbuds,79.69,2023-05-08,refunded,2023-05
O00236,C0174,Mouse Pad,73.04,2024-11-23,refunded,2024-11
O00750,C0014,Backpack,179.86,2024-02-17,refunded,2024-02
O00354,C0073,Tablet Stand,140.17,2023-05-21,refunded,2023-05
O00585,C0143,Surge Protector,25.05,2025-02-27,pending,2025-02
O00207,C0170,Chair Mat,113.01,2024-08-28,cancelled,2024-08
O00065,C0020,Desk Lamp,89.08,2025-03-07,pending,2025-03
O00918,C0044,Bluetooth Speaker,98.33,2023-10-31,pending,2023-10
O00568,C0067,Phone Case,96.41,2023-10-05,pending,2023-10
O00448,C0130,Laptop,4017.58,2024-11-27,refunded,2024-11
O00290,C0060,Keyboard,242.48,2024-02-28,cancelled,2024-02
O00504,C0021,External SSD,371.16,2023-03-22,pending,2023-03
O00318,C0058,Power Bank,76.35,2023-01-10,refunded,2023-01
O00924,C0024,HDMI Cable,36.46,2023-12-27,completed,2023-12
O00574,C0030,USB Cable,16.98,2025-01-12,refunded,2025-01
O00263,C0153,Wireless Mouse,166.03,2025-01-03,pending,2025-01
O00754,C0048,Laptop,2995.22,2023-08-24,completed,2023-08
O00774,C0120,Surge Protector,115.48,2024-01-20,cancelled,2024-01
O00380,C0169,Phone Case,119.91,2024-12-22,pending,2024-12
O00942,C0093,Standing Desk,2018.9,2023-05-03,completed,2023-05
O00388,C0090,Backpack,258.22,2024-04-09,completed,2024-04
O00046,C0014,Webcam,291.8,2023-05-30,refunded,2023-05
O00365,C0041,HDMI Cable,27.14,2023-05-03,completed,2023-05
O00533,C0116,HDMI Cable,27.06,2025-04-12,pending,2025-04
O00287,C0121,Tablet Stand,54.13,2024-08-18,refunded,2024-08
O00015,C0028,Power Bank,103.79,2024-04-07,refunded,2024-04
O00723,C0150,Mouse Pad,32.11,2023-05-24,refunded,2023-05
O00816,C0142,Surge Protector,57.41,2025-07-17,refunded,2025-07
O00216,C0023,USB Cable,55.79,2025-05-28,pending,2025-05
O00462,C0078,Standing Desk,2004.98,2024-05-14,refunded,2024-05
O00865,C0047,Power Bank,65.11,2024-10-05,refunded,2024-10
O00534,C0062,Tablet Stand,20.39,2023-11-28,refunded,2023-11
O00240,C0104,Bluetooth Speaker,96.47,2025-07-06,cancelled,2025-07
O00184,C0077,Keyboard,337.53,2025-10-25,refunded,2025-10
O00686,C0093,Tablet Stand,48.77,2025-05-13,cancelled,2025-05
O00728,C0138,Laptop,4011.77,2025-02-09,completed,2025-02
O00161,C0046,Bluetooth Speaker,452.9,,cancelled,
O00843,C0171,HDMI Cable,26.63,2025-10-04,pending,2025-10
O00227,C0177,HDMI Cable,50.17,2023-07-02,refunded,2023-07
O00498,C0028,USB Cable,64.17,2023-08-06,refunded,2023-08
O00826,C0037,Webcam,158.23,2024-09-22,refunded,2024-09
O00747,C0048,Bluetooth Speaker,272.61,2024-09-30,cancelled,2024-09
O00627,C0126,HDMI Cable,78.12,2025-05-15,pending,2025-05
O00956,C0080,Laptop,3013.76,2025-10-21,cancelled,2025-10
O00094,C0136,Tablet Stand,84.89,2023-08-22,cancelled,2023-08
O00631,C0116,HDMI Cable,31.5,2024-11-01,cancelled,2024-11
O00237,C0111,Whiteboard,97.03,2025-02-27,refunded,2025-02
O00873,C0096,Earbuds,310.07,2023-11-11,cancelled,2023-11
O00654,C0141,Power Bank,137.27,2024-05-06,completed,2024-05
O00153,C0013,Phone Case,105.78,2025-10-13,cancelled,2025-10
O00044,C0119,Wireless Mouse,155.27,2023-10-02,completed,2023-10
O00437,C0134,Surge Protector,119.27,2024-04-21,completed,2024-04
O00397,C0022,Monitor,351.07,,refunded,
O00386,C0147,Pen Set,82.9,2024-10-26,refunded,2024-10
O00284,C0079,HDMI Cable,72.67,2023-06-17,completed,2023-06
O00650,C0107,Keyboard,174.19,2024-11-04,refunded,2024-11
O00070,C0163,USB Cable,42.88,2023-01-11,pending,2023-01
O00429,C0156,HDMI Cable,30.4,2025-07-18,completed,2025-07
O00649,C0145,Whiteboard,225.26,2023-01-09,completed,2023-01
O00350,C0106,Webcam,156.27,2023-10-07,refunded,2023-10
O00859,C0063,Wireless Mouse,31.01,2023-12-20,cancelled,2023-12
O00796,C0014,Power Bank,31.21,2024-02-18,completed,2024-02
O00166,C0151,Monitor,1052.51,2023-11-19,refunded,2023-11
O00404,C0079,Chair Mat,204.79,2024-12-11,pending,2024-12
O00224,C0178,Whiteboard,47.52,2024-07-06,completed,2024-07
O00289,C0046,Earbuds,311.44,2025-09-17,refunded,2025-09
O00089,C0082,Keyboard,236.09,2023-02-16,completed,2023-02
O00160,C0137,Surge Protector,42.09,2025-03-06,completed,2025-03
O00779,C0146,External SSD,357.3,2023-12-30,refunded,2023-12
O00639,C0083,Marker Set,48.13,2025-05-16,cancelled,2025-05
O00677,C0171,HDMI Cable,29.31,2025-10-04,refunded,2025-10
O00793,C0042,Phone Case,30.16,2023-09-12,completed,2023-09
O00911,C0020,Standing Desk,2503.52,2024-02-18,pending,2024-02
O00217,C0137,Headphones,468.72,2024-01-26,completed,2024-01
O00946,C0021,Bluetooth Speaker,85.3,2025-05-02,refunded,2025-05
O00731,C0093,Wireless Mouse,97.29,2024-03-04,cancelled,2024-03
O00962,C0040,Earbuds,139.74,2024-09-25,cancelled,2024-09
O00824,C0133,Headphones,599.11,2024-09-10,cancelled,2024-09
O00957,C0092,USB Cable,13.27,2025-10-28,completed,2025-10
O00817,C0019,Chair Mat,112.85,,refunded,
O00655,C0042,Pen Set,54.08,2023-11-12,cancelled,2023-11
O00554,C0087,Marker Set,22.28,2023-10-13,pending,2023-10
O00958,C0007,Earbuds,246.88,2023-03-18,cancelled,2023-03
O00042,C0127,Wireless Mouse,108.51,2024-10-14,completed,2024-10
O00300,C0043,Surge Protector,102.03,2023-05-21,completed,2023-05
O00475,C0099,Notebook,11.62,2025-10-17,refunded,2025-10
O00998,C0029,External SSD,598.02,2024-06-20,refunded,2024-06
O00376,C0107,Notebook,21.58,2023-03-25,pending,2023-03
O00074,C0069,Desk Lamp,130.34,2025-06-09,refunded,2025-06
O00139,C0003,Notebook,14.27,2024-05-11,refunded,2024-05
O00635,C0031,Laptop,5005.83,2025-07-18,completed,2025-07
O00749,C0003,Mouse Pad,71.39,2024-05-01,refunded,2024-05
O00702,C0117,HDMI Cable,28.65,2025-01-26,cancelled,2025-01
O00738,C0177,Backpack,77.91,2024-11-05,refunded,2024-11
O00394,C0064,Bluetooth Speaker,91.65,2023-07-03,cancelled,2023-07
O00492,C0018,Laptop,3997.4,2025-07-02,pending,2025-07
O00258,C0061,Mouse Pad,45.825,2025-02-20,pending,2025-02
O00596,C0114,External SSD,115.81,2024-09-12,cancelled,2024-09
O00522,C0054,Backpack,183.33,2025-07-17,pending,2025-07
O00180,C0126,Whiteboard,132.25,2024-01-14,cancelled,2024-01
O00667,C0004,Headphones,165.39,2024-01-21,completed,2024-01
O00129,C0131,Headphones,308.39,2023-05-16,completed,2023-05
O00026,C0164,Desk Lamp,130.34,2023-10-01,cancelled,2023-10
O00001,C0019,Pen Set,71.21,2023-09-01,cancelled,2023-09
O00478,C0157,Keyboard,166.79,2023-06-09,refunded,2023-06
O00339,C0045,Cable Organizer,51.85,2025-09-25,cancelled,2025-09
O00987,C0142,Pen Set,12.88,2023-09-12,cancelled,2023-09
O00879,C0047,Notebook,38.74,2025-04-04,pending,2025-04
O00003,C0011,Wireless Mouse,28.42,2025-08-28,refunded,2025-08
O00980,C0025,Wireless Mouse,73.62,2023-12-07,cancelled,2023-12
O00518,C0157,Marker Set,18.9,2023-06-30,pending,2023-06
O00028,C0135,External SSD,612.54,2023-08-18,refunded,2023-08
O00064,C0145,Whiteboard,44.47,2023-02-02,cancelled,2023-02
O00710,C0022,Headphones,758.5,2024-01-23,completed,2024-01
O00423,C0007,Phone Case,89.72,2024-02-18,pending,2024-02
O00145,C0101,Marker Set,29.92,2023-06-02,refunded,2023-06
O00614,C0104,Bluetooth Speaker,272.61,2024-09-27,cancelled,2024-09
O00021,C0070,Headphones,153.26,2024-06-10,pending,2024-06
O00659,C0127,Mouse Pad,57.05,2023-06-12,completed,2023-06
O00008,C0049,Laptop,4002.8,2024-02-22,refunded,2024-02
O00546,C0060,Mouse Pad,41.26,2024-10-30,refunded,2024-10
O00669,C0038,HDMI Cable,55.51,2023-11-09,refunded,2023-11
O00034,C0115,Pen Set,48.97,2023-09-30,refunded,2023-09
O00717,C0153,Earbuds,127.3,2025-02-27,pending,2025-02
O00250,C0130,Pen Set,71.45,2024-05-23,pending,2024-05
O00156,C0108,Headphones,751.18,2023-02-09,cancelled,2023-02
O00084,C0166,Power Bank,44.07,2025-03-29,cancelled,2025-03
O00573,C0158,Marker Set,61.1,2023-08-22,cancelled,2023-08
O00286,C0149,Earbuds,254.19,2023-03-17,refunded,2023-03
O00683,C0053,Notebook,25.19,2025-11-02,refunded,2025-11
O00875,C0085,Tablet Stand,29.06,2024-07-13,completed,2024-07
O00268,C0007,Mouse Pad,43.83,2025-09-23,completed,2025-09
O00701,C0037,Mouse Pad,31.1,2025-11-17,completed,2025-11
O00689,C0170,Tablet Stand,84.505,2025-11-30,refunded,2025-11
O00860,C0119,Tablet Stand,101.84,2025-01-22,cancelled,2025-01
O00076,C0028,USB Cable,25.14,2025-02-17,cancelled,2025-02
O00351,C0003,Marker Set,54.63,2023-01-19,completed,2023-01
O00256,C0074,Whiteboard,137.41,2024-08-27,pending,2024-08
O00809,C0088,Bluetooth Speaker,188.46,2024-05-23,completed,2024-05
O00057,C0137,Standing Desk,1995.26,2024-07-16,completed,2024-07
O00148,C0056,Chair Mat,97.26,2024-12-29,pending,2024-12
O00944,C0015,Surge Protector,53.91,2023-10-21,cancelled,2023-10
O00471,C0104,Pen Set,60.59,2025-08-30,cancelled,2025-08
O00406,C0058,USB Cable,47.4,2023-06-29,completed,2023-06
O00856,C0038,Headphones,315.09,2023-01-19,refunded,2023-01
O00233,C0167,Phone Case,18.3,2023-11-23,refunded,2023-11
O00891,C0015,Notebook,16.38,,completed,
O00695,C0096,Webcam,156.27,2023-09-13,completed,2023-09
O00063,C0055,Marker Set,32.98,2023-06-02,refunded,2023-06
O00314,C0045,Tablet Stand,105.93,2025-11-27,refunded,2025-11
O00428,C0052,Laptop,3997.88,2025-10-16,completed,2025-10
O00819,C0019,Backpack,79.8,2023-11-29,pending,2023-11
O00539,C0094,Phone Case,112.57,2024-02-24,completed,2024-02
O00267,C0011,Whiteboard,139.5,2023-08-21,pending,2023-08
O00297,C0147,Earbuds,118.35,2023-10-28,completed,2023-10
O00671,C0162,Marker Set,55.45,2024-08-18,refunded,2024-08
O00795,C0173,Standing Desk,1754.19,2023-07-30,cancelled,2023-07
O00159,C0136,Notebook,49.94,2023-07-25,pending,2023-07
O00736,C0120,HDMI Cable,50.17,2024-04-04,cancelled,2024-04
O00555,C0007,Pen Set,80.97,2023-07-09,completed,2023-07
O00845,C0112,Bluetooth Speaker,181.46,2023-08-17,refunded,2023-08
O00624,C0065,Standing Desk,2002.69,2025-01-13,completed,2025-01
O00201,C0069,Tablet Stand,107.79,2023-01-19,completed,2023-01
O00930,C0042,Desk Lamp,126.94,2024-07-01,completed,2024-07
O00455,C0080,Power Bank,103.79,2023-03-01,pending,2023-03
O00179,C0044,Tablet Stand,94.4,2023-08-25,refunded,2023-08
O00505,C0179,Pen Set,23.76,2023-06-23,completed,2023-06
O00707,C0036,Mouse Pad,62.0,2023-11-02,cancelled,2023-11
O00136,C0099,USB Cable,38.26,2025-05-08,cancelled,2025-05
O00090,C0063,Mouse Pad,32.78,2025-05-23,cancelled,2025-05
O00270,C0176,Backpack,60.13,2025-06-10,cancelled,2025-06
O00449,C0080,Cable Organizer,46.55,2025-11-23,completed,2025-11
O00491,C0173,Earbuds,127.98,2024-01-04,completed,2024-01
O00231,C0085,Notebook,42.84,2023-07-10,completed,2023-07
O00468,C0146,Whiteboard,152.93,2024-12-06,refunded,2024-12
O00904,C0110,Laptop,4999.94,2025-02-17,completed,2025-02
O00919,C0014,Tablet Stand,69.72,2023-08-26,cancelled,2023-08
O00348,C0070,Standing Desk,1998.34,2023-12-29,refunded,2023-12
O00684,C0040,Tablet Stand,78.34,2024-02-18,completed,2024-02
O00450,C0010,External SSD,492.8,2023-01-09,cancelled,2023-01
O00141,C0089,Tablet Stand,84.505,2025-02-09,refunded,2025-02
O00778,C0101,Pen Set,55.235,2025-03-02,pending,2025-03
O00056,C0056,Mouse Pad,52.29,2025-09-16,completed,2025-09
O00835,C0092,Chair Mat,45.07,2025-04-02,completed,2025-04
O00387,C0025,Power Bank,100.9,2025-02-20,pending,2025-02
O00625,C0114,Pen Set,30.73,2024-06-07,completed,2024-06
O00092,C0116,Earbuds,244.68,2024-02-26,cancelled,2024-02
O00212,C0119,Monitor,1396.3,2023-05-26,refunded,2023-05
O00369,C0154,Standing Desk,996.7,2024-08-28,cancelled,2024-08
O00681,C0177,Mouse Pad,71.69,2025-06-15,refunded,2025-06
O00251,C0076,External SSD,238.43,2025-11-15,refunded,2025-11
O00032,C0056,Earbuds,56.12,2023-05-11,cancelled,2023-05
O00510,C0159,Wireless Mouse,72.51,2023-12-19,pending,2023-12
O00366,C0180,Standing Desk,498.14,2024-12-12,completed,2024-12
O00571,C0025,Standing Desk,2503.74,2023-10-08,refunded,2023-10
O00594,C0127,External SSD,242.32,2025-10-30,refunded,2025-10
O00421,C0157,Wireless Mouse,167.54,2025-07-14,refunded,2025-07
O00730,C0072,Whiteboard,134.76,2024-09-12,refunded,2024-09
O00566,C0008,Monitor,1057.3,2025-01-10,cancelled,2025-01
O00739,C0008,HDMI Cable,75.16,2024-11-15,refunded,2024-11
O00116,C0180,Cable Organizer,37.71,2023-07-14,cancelled,2023-07
O00999,C0093,Headphones,597.48,2025-04-27,cancelled,2025-04
O00634,C0013,Pen Set,70.67,2023-07-02,refunded,2023-07
O00792,C0125,External SSD,117.05,2025-06-15,pending,2025-06
O00708,C0100,Bluetooth Speaker,272.61,2025-06-26,cancelled,2025-06
O00933,C0176,Marker Set,16.29,2024-04-04,pending,2024-04
O00470,C0029,Desk Lamp,40.87,2025-03-18,cancelled,2025-03
O00977,C0100,Laptop,5014.53,2023-06-09,completed,2023-06
O00900,C0123,Desk Lamp,127.12,2024-05-22,refunded,2024-05
O00499,C0009,Keyboard,89.27,2025-07-02,completed,2025-07
O00264,C0135,Bluetooth Speaker,188.0,2023-11-23,cancelled,2023-11
O00360,C0064,Pen Set,53.14,2024-02-12,refunded,2024-02
O00503,C0086,Whiteboard,139.99,2023-07-05,pending,2023-07
O00907,C0055,Desk Lamp,161.96,2025-06-01,refunded,2025-06
O00344,C0180,Surge Protector,28.25,2023-07-15,refunded,2023-07
O00968,C0040,Monitor,1054.37,2023-05-30,cancelled,2023-05
O00103,C0109,Monitor,702.42,2025-07-10,cancelled,2025-07
O00584,C0105,Monitor,1048.06,2023-10-06,pending,2023-10
O00812,C0061,Mouse Pad,17.65,2023-12-03,cancelled,2023-12
O00903,C0162,Tablet Stand,50.71,2023-03-20,completed,2023-03
O00863,C0084,Keyboard,399.57,2023-02-10,refunded,2023-02
O00538,C0132,Whiteboard,152.17,2025-01-18,cancelled,2025-01
O00234,C0124,Earbuds,239.49,,completed,
O00298,C0133,Pen Set,84.18,2024-08-03,refunded,2024-08
O00018,C0023,Tablet Stand,125.76,2023-03-18,completed,2023-03
O00047,C0172,Standing Desk,1006.96,2024-11-12,completed,2024-11
O00839,C0169,Marker Set,22.35,2024-02-04,refunded,2024-02
O00484,C0067,Marker Set,25.1,2023-03-09,completed,2023-03
O00254,C0147,Whiteboard,191.82,2024-08-08,refunded,2024-08
O00501,C0148,Laptop,5012.64,2025-09-06,cancelled,2025-09
O00002,C0096,Chair Mat,268.42,2024-02-12,refunded,2024-02
O00569,C0093,Backpack,176.19,2023-06-07,completed,2023-06
O00647,C0011,External SSD,379.69,2025-07-26,completed,2025-07
O00871,C0020,Standing Desk,1501.49,2023-12-01,pending,2023-12
O00578,C0152,Wireless Mouse,117.93,2023-05-16,refunded,2023-05
O00079,C0094,Monitor,1749.95,2024-01-04,completed,2024-01
O00711,C0031,Whiteboard,137.41,2024-02-26,refunded,2024-02
O00182,C0179,Whiteboard,42.13,2025-04-27,pending,2025-04
O00862,C0152,Phone Case,87.06,2025-06-07,refunded,2025-06
O00343,C0151,Mouse Pad,53.31,2023-02-17,pending,2023-02
O00439,C0012,Chair Mat,158.98,2023-01-24,pending,2023-01
O00486,C0054,Earbuds,176.33,2023-08-26,cancelled,2023-08
O00697,C0173,USB Cable,47.95,2024-11-02,cancelled,2024-11
O00146,C0028,USB Cable,9.1,2025-04-12,completed,2025-04
O00467,C0137,Desk Lamp,170.35,2024-02-26,pending,2024-02
O00341,C0108,Tablet Stand,134.24,2023-05-27,completed,2023-05
O00727,C0002,Laptop,2005.31,2025-09-28,cancelled,2025-09
O00171,C0064,Marker Set,12.75,2023-01-03,cancelled,2023-01
O00797,C0052,Keyboard,85.53,2024-11-21,cancelled,2024-11
O00323,C0064,Desk Lamp,44.96,2024-12-01,completed,2024-12
O00737,C0137,External SSD,355.1,2023-06-17,completed,2023-06
O00604,C0083,Earbuds,75.2,2024-02-26,pending,2024-02
O00313,C0156,Wireless Mouse,138.23,2024-08-09,pending,2024-08
O00489,C0136,Whiteboard,42.42,2024-12-25,pending,2024-12
O00516,C0021,Laptop,999.48,2024-08-04,refunded,2024-08
O00190,C0106,Webcam,291.33,2025-08-26,cancelled,2025-08
O00097,C0109,Phone Case,90.85,2023-12-21,pending,2023-12
O00004,C0036,Chair Mat,252.91,2024-09-04,refunded,2024-09
O00587,C0174,Notebook,7.3,2023-08-04,cancelled,2023-08
O00295,C0165,Webcam,138.74,2023-08-31,pending,2023-08
O00209,C0176,Standing Desk,2017.62,2025-11-04,refunded,2025-11
O00831,C0071,Keyboard,235.71,2025-09-20,completed,2025-09
O00703,C0029,Monitor,1054.37,2023-11-10,cancelled,2023-11
O00951,C0057,Pen Set,41.54,2023-06-08,pending,2023-06
O00964,C0091,Keyboard,79.47,2024-06-12,cancelled,2024-06
O00970,C0102,Cable Organizer,63.95,2024-10-11,refunded,2024-10
O00899,C0004,Cable Organizer,28.28,2025-05-29,cancelled,2025-05
O00981,C0054,Headphones,768.83,2025-01-15,pending,2025-01
O00402,C0060,Pen Set,84.37,2024-10-08,refunded,2024-10
O00415,C0105,Cable Organizer,34.13,2024-03-31,completed,2024-03
O00713,C0088,Backpack,125.35,2024-10-11,refunded,2024-10
O00896,C0035,Pen Set,65.56,2023-11-25,refunded,2023-11
O00104,C0113,Monitor,700.23,2024-12-19,cancelled,2024-12
O00545,C0034,HDMI Cable,50.47,2023-02-13,completed,2023-02
O00858,C0046,Wireless Mouse,49.5,2025-06-07,cancelled,2025-06
O00245,C0141,Mouse Pad,45.825,2023-12-03,cancelled,2023-12
O00273,C0111,Chair Mat,54.73,2023-01-13,cancelled,2023-01
O00884,C0043,Earbuds,57.1,2025-10-06,cancelled,2025-10
O00037,C0071,Headphones,145.8,2023-02-02,refunded,2023-02
O00789,C0032,Notebook,19.87,2024-10-29,pending,2024-10
O00889,C0139,Cable Organizer,18.24,,refunded,
O00756,C0045,Chair Mat,251.1,2023-12-27,completed,2023-12
O00748,C0080,Earbuds,314.34,2024-09-24,cancelled,2024-09
O00255,C0028,Laptop,3998.59,2024-02-14,completed,2024-02
O00052,C0149,Surge Protector,114.34,2024-04-16,completed,2024-04
O00112,C0055,HDMI Cable,48.04,2023-09-25,pending,2023-09
O00925,C0166,Desk Lamp,42.74,2025-03-18,cancelled,2025-03
O00532,C0012,Wireless Mouse,133.3,2025-05-21,refunded,2025-05
O00776,C0003,HDMI Cable,48.47,2025-04-06,pending,2025-04
O00543,C0049,External SSD,116.99,2024-08-13,pending,2024-08
O00283,C0064,Bluetooth Speaker,361.88,2024-11-10,cancelled,2024-11
O00609,C0160,Mouse Pad,59.75,2023-02-08,completed,2023-02
O00181,C0048,External SSD,121.57,2024-04-08,completed,2024-04
O00805,C0129,Earbuds,60.81,2023-09-12,cancelled,2023-09
O00194,C0069,Surge Protector,122.08,2025-06-23,cancelled,2025-06
O00955,C0062,Webcam,89.41,2025-09-17,cancelled,2025-09
O00199,C0151,Standing Desk,1503.58,2024-06-13,cancelled,2024-06
O00433,C0010,Keyboard,243.04,2023-05-19,cancelled,2023-05
O00392,C0147,Surge Protector,36.69,2025-03-27,completed,2025-03
O00832,C0016,Webcam,81.62,2023-03-27,completed,2023-03
O00101,C0138,Desk Lamp,94.5,2025-10-11,refunded,2025-10
O00379,C0180,Whiteboard,197.03,2024-01-05,pending,2024-01
O00280,C0019,Desk Lamp,41.26,2025-09-24,completed,2025-09
O00452,C0164,Headphones,449.98,2024-10-15,pending,2024-10
O00055,C0172,Wireless Mouse,35.3,2024-04-18,completed,2024-04
O00342,C0081,Chair Mat,162.73,2025-03-20,cancelled,2025-03
O00521,C0176,HDMI Cable,59.37,2023-03-30,pending,2023-03
O00641,C0002,Webcam,360.44,2025-03-19,refunded,2025-03
O00515,C0149,Wireless Mouse,57.48,,refunded,
O00407,C0107,Bluetooth Speaker,448.77,2024-11-05,completed,2024-11
O00155,C0166,Desk Lamp,165.26,2023-05-05,completed,2023-05
O00698,C0117,Monitor,712.77,2023-06-17,completed,2023-06
O00442,C0173,HDMI Cable,74.89,2025-09-13,refunded,2025-09
O00363,C0029,Bluetooth Speaker,363.07,2024-07-19,completed,2024-07
O00087,C0124,Monitor,1055.37,2023-08-26,pending,2023-08
O00564,C0150,Desk Lamp,168.94,2023-02-24,pending,2023-02
O00122,C0099,Notebook,26.82,2024-07-21,refunded,2024-07
O00272,C0143,Keyboard,415.49,2025-04-14,cancelled,2025-04
O00892,C0103,Notebook,3.52,2023-06-23,completed,2023-06
O00878,C0073,Standing Desk,1510.16,2023-12-16,cancelled,2023-12
O00893,C0106,Monitor,1395.13,2024-05-27,cancelled,2024-05
O00488,C0122,Webcam,148.24,2024-08-14,pending,2024-08
O00770,C0140,Headphones,449.89,2024-09-11,pending,2024-09
O00274,C0150,Wireless Mouse,33.93,2024-08-16,cancelled,2024-08
O00192,C0122,Webcam,205.48,2024-09-12,refunded,2024-09
O00848,C0134,Whiteboard,234.72,2023-01-19,pending,2023-01
O00798,C0057,Monitor,1054.37,2025-11-15,pending,2025-11
O00721,C0138,Backpack,131.39,2025-08-09,completed,2025-08
O00113,C0175,Cable Organizer,12.14,2025-07-30,completed,2025-07
O00110,C0104,Mouse Pad,48.34,2025-07-20,completed,2025-07
O00808,C0072,Chair Mat,58.01,2024-08-13,pending,2024-08
O00151,C0176,Tablet Stand,34.55,2023-06-03,completed,2023-06
O00105,C0043,Power Bank,84.6,2023-05-02,pending,2023-05
O00720,C0022,Tablet Stand,125.04,2025-02-03,completed,2025-02
O00315,C0133,Marker Set,28.36,2025-01-06,completed,2025-01
O00169,C0157,Bluetooth Speaker,447.55,2024-11-09,cancelled,2024-11
O00922,C0168,Webcam,358.72,2024-03-27,refunded,2024-03
O00849,C0038,Desk Lamp,87.48,2024-08-03,pending,2024-08
O00071,C0027,USB Cable,9.67,2025-11-15,cancelled,2025-11
O00692,C0051,Desk Lamp,35.91,2023-09-16,pending,2023-09
O00787,C0118,Pen Set,38.44,2023-03-31,completed,2023-03
O00208,C0100,Surge Protector,37.57,2024-01-24,completed,2024-01
O00526,C0125,Wireless Mouse,118.58,2025-07-20,completed,2025-07
O00636,C0053,Headphones,452.17,2023-09-24,completed,2023-09
O00823,C0004,Monitor,361.1,2025-03-25,cancelled,2025-03
O00693,C0055,Keyboard,408.74,,refunded,
O00373,C0012,USB Cable,36.82,2025-09-21,refunded,2025-09
O00225,C0108,Monitor,1762.92,2023-08-22,completed,2023-08
O00134,C0015,HDMI Cable,74.12,2023-07-30,refunded,2023-07
O00109,C0148,Tablet Stand,85.67,2023-06-04,cancelled,2023-06
O00517,C0178,USB Cable,18.56,2025-07-11,completed,2025-07
O00158,C0082,Power Bank,65.71,2024-07-29,refunded,2024-07
O00672,C0132,Earbuds,318.33,2025-09-26,refunded,2025-09
O00465,C0084,Standing Desk,515.54,2025-04-11,cancelled,2025-04
O00931,C0012,Monitor,1752.37,,completed,
O00784,C0071,Headphones,169.77,2025-03-28,refunded,2025-03
O00527,C0118,Surge Protector,66.78,2024-02-19,refunded,2024-02
O00722,C0001,Wireless Mouse,121.79,2025-02-17,completed,2025-02
O00605,C0043,Power Bank,109.05,2025-10-14,cancelled,2025-10
O00214,C0105,Earbuds,238.54,2024-01-05,completed,2024-01
O00349,C0112,Mouse Pad,62.69,2024-04-10,cancelled,2024-04
O00765,C0109,Pen Set,63.88,2024-06-05,cancelled,2024-06
O00926,C0037,Keyboard,321.09,2025-04-04,completed,2025-04
O00193,C0179,Whiteboard,64.3,2024-09-07,pending,2024-09
O00857,C0027,Whiteboard,94.39,2023-12-11,refunded,2023-12
O00480,C0147,Surge Protector,89.5,2024-08-26,pending,2024-08
O00979,C0173,Backpack,131.39,2025-07-11,refunded,2025-07
O00687,C0106,Backpack,258.76,2025-01-10,completed,2025-01
O00014,C0089,External SSD,373.65,2024-07-09,completed,2024-07
O00854,C0073,Desk Lamp,92.51,2023-07-19,refunded,2023-07
O00062,C0112,Tablet Stand,84.12,2023-07-15,completed,2023-07
O00507,C0165,Desk Lamp,168.31,2025-07-09,pending,2025-07
O00745,C0117,Mouse Pad,45.67,2023-01-26,refunded,2023-01
O00080,C0119,Marker Set,23.94,2023-05-22,completed,2023-05
O00928,C0064,Cable Organizer,17.68,2023-01-28,refunded,2023-01
O00663,C0077,Chair Mat,263.05,2025-07-10,pending,2025-07
O00676,C0107,Whiteboard,149.87,2023-11-28,cancelled,2023-11
O00249,C0046,Marker Set,44.29,2023-08-01,pending,2023-08
O00572,C0106,Chair Mat,97.54,2024-03-28,refunded,2024-03
O00940,C0108,Standing Desk,2008.43,2024-04-16,cancelled,2024-04
O00085,C0028,Laptop,1001.46,2025-11-28,refunded,2025-11
O00304,C0179,Mouse Pad,48.7,2025-02-19,refunded,2025-02
O00744,C0117,Pen Set,66.84,2023-07-27,completed,2023-07
O00960,C0129,Mouse Pad,71.23,2024-11-30,pending,2024-11
O00992,C0045,Pen Set,46.9,2023-07-23,refunded,2023-07
O00495,C0076,External SSD,130.96,2024-07-20,pending,2024-07
O00861,C0032,HDMI Cable,75.57,2025-09-09,refunded,2025-09
O00938,C0072,USB Cable,13.07,2025-02-27,cancelled,2025-02
O00502,C0139,Bluetooth Speaker,94.6,2025-09-14,cancelled,2025-09
O00678,C0078,Bluetooth Speaker,188.9,2025-01-04,completed,2025-01
O00490,C0086,Webcam,225.03,2025-03-12,completed,2025-03
O00592,C0161,USB Cable,36.18,2023-05-20,completed,2023-05
O00247,C0087,Monitor,1396.12,2023-09-10,refunded,2023-09
O00802,C0027,Marker Set,59.73,2023-12-18,pending,2023-12
O00993,C0031,Tablet Stand,139.56,2024-06-16,pending,2024-06
O00872,C0174,Backpack,128.38,2024-07-05,completed,2024-07
O00685,C0063,HDMI Cable,47.14,2024-06-28,cancelled,2024-06
O00458,C0025,External SSD,372.08,2025-08-11,completed,2025-08
O00653,C0084,Surge Protector,138.18,2024-08-02,cancelled,2024-08
O00424,C0178,Tablet Stand,62.94,2023-08-22,cancelled,2023-08
O00599,C0097,Power Bank,119.13,2023-05-06,completed,2023-05
O00152,C0166,External SSD,237.28,2024-11-10,cancelled,2024-11
O00870,C0077,Headphones,310.03,2025-01-05,cancelled,2025-01
O00965,C0167,USB Cable,29.28,2025-01-14,completed,2025-01
O00825,C0151,Desk Lamp,173.77,2023-07-02,cancelled,2023-07
O00472,C0093,Backpack,122.19,,completed,
O00935,C0110,Mouse Pad,45.96,2023-11-04,pending,2023-11
O00971,C0055,Marker Set,33.82,2023-11-15,completed,2023-11
O00759,C0034,Headphones,308.29,2024-10-13,completed,2024-10
O00716,C0026,Chair Mat,105.3,2025-02-08,completed,2025-02
O00277,C0003,Standing Desk,1754.19,2025-03-18,cancelled,2025-03
O00389,C0163,Cable Organizer,60.31,2024-10-15,pending,2024-10
O00782,C0034,Standing Desk,1754.19,2024-02-27,pending,2024-02
O00752,C0042,Monitor,1416.86,2025-10-12,completed,2025-10
O00338,C0089,Laptop,3997.99,2024-02-12,refunded,2024-02
O00271,C0176,USB Cable,16.47,2023-06-29,pending,2023-06
O00844,C0058,Earbuds,296.57,2025-02-20,refunded,2025-02
O00312,C0024,USB Cable,58.11,2023-05-12,cancelled,2023-05
O00050,C0067,Notebook,47.02,2025-08-19,cancelled,2025-08
O00114,C0113,External SSD,139.79,2023-09-28,pending,2023-09
O00045,C0085,Tablet Stand,43.05,2023-07-09,completed,2023-07
O00266,C0122,Standing Desk,497.86,2024-05-07,completed,2024-05
O00054,C0044,USB Cable,57.16,2023-05-01,cancelled,2023-05
O00763,C0046,Chair Mat,158.11,2025-10-10,cancelled,2025-10
O00995,C0021,Earbuds,235.59,2025-07-18,cancelled,2025-07
O00551,C0089,USB Cable,36.18,2024-09-09,cancelled,2024-09
O00378,C0146,Tablet Stand,58.94,2023-08-05,cancelled,2023-08
O00762,C0170,Power Bank,34.18,2025-11-08,cancelled,2025-11
O00196,C0104,USB Cable,36.18,2024-01-30,completed,2024-01
O00091,C0162,Phone Case,50.99,2023-03-01,completed,2023-03
O00175,C0087,Power Bank,192.28,2025-06-02,cancelled,2025-06
O00232,C0030,Pen Set,71.02,2025-02-28,cancelled,2025-02
O00950,C0041,Webcam,78.03,2023-09-14,pending,2023-09
O00742,C0033,Wireless Mouse,116.33,2025-06-03,pending,2025-06
O00869,C0156,Standing Desk,2500.2,2023-04-02,completed,2023-04
O00886,C0002,Marker Set,48.52,2024-05-15,refunded,2024-05
O00108,C0180,USB Cable,18.64,2024-05-21,completed,2024-05
O00143,C0060,Mouse Pad,60.48,2023-06-23,completed,2023-06
O00011,C0072,Standing Desk,1500.59,2024-09-01,refunded,2024-09
O00781,C0018,External SSD,356.20000000000005,2024-10-31,refunded,2024-10
O00230,C0110,Surge Protector,25.36,2023-04-04,completed,2023-04
O00030,C0126,Keyboard,242.48,2023-09-28,refunded,2023-09
O00851,C0127,Desk Lamp,156.43,2023-11-09,completed,2023-11
O00633,C0166,Power Bank,87.65,2024-02-11,completed,2024-02
O00908,C0094,Chair Mat,147.76,2023-09-24,cancelled,2023-09
O00989,C0079,Backpack,115.08,,cancelled,
O00657,C0100,HDMI Cable,54.05,2025-05-15,cancelled,2025-05
O00783,C0111,Marker Set,34.93,2024-09-27,cancelled,2024-09
O00466,C0084,HDMI Cable,12.25,2023-01-01,cancelled,2023-01
O00714,C0026,Standing Desk,1002.11,2023-07-03,cancelled,2023-07
O00306,C0105,Webcam,135.12,2023-01-15,refunded,2023-01
O00937,C0039,Cable Organizer,34.99,2025-09-06,cancelled,2025-09
O00049,C0102,Bluetooth Speaker,452.99,2025-08-12,pending,2025-08
O00628,C0130,Keyboard,245.49,2024-10-31,pending,2024-10
O00830,C0113,Tablet Stand,122.68,2023-06-13,refunded,2023-06
O00321,C0175,External SSD,616.5,2024-06-12,completed,2024-06
O00570,C0025,Power Bank,78.57,2024-09-08,cancelled,2024-09
O00082,C0150,Pen Set,72.62,2025-05-06,cancelled,2025-05
O00948,C0074,Monitor,696.48,2023-12-22,cancelled,2023-12
O00355,C0164,External SSD,606.27,2025-10-04,completed,2025-10
O00772,C0089,Pen Set,67.51,2023-01-25,completed,2023-01
O00325,C0128,Surge Protector,56.85,2024-06-27,completed,2024-06
O00846,C0049,Surge Protector,37.31,2024-10-03,completed,2024-10
O00309,C0106,Standing Desk,2507.01,2025-09-17,refunded,2025-09
O00741,C0025,Tablet Stand,109.43,2023-05-05,cancelled,2023-05
O00426,C0044,Chair Mat,266.73,2023-11-29,pending,2023-11
O00098,C0036,Phone Case,76.02,2025-01-05,completed,2025-01
O00482,C0074,HDMI Cable,13.16,2024-07-23,pending,2024-07
O00072,C0091,Standing Desk,509.91,2025-02-27,cancelled,2025-02
O00017,C0105,Tablet Stand,106.9,2024-08-11,pending,2024-08
O00894,C0077,Notebook,41.26,2024-07-05,cancelled,2024-07
O00346,C0022,Tablet Stand,102.69,2024-08-04,completed,2024-08
O00041,C0170,Mouse Pad,29.32,2023-12-25,refunded,2023-12
O00541,C0091,Webcam,361.96,2023-05-10,refunded,2023-05
O00547,C0141,External SSD,482.56,2024-09-19,completed,2024-09
O00038,C0153,Wireless Mouse,129.9,2023-04-10,cancelled,2023-04
O00413,C0153,Bluetooth Speaker,192.16,2025-09-03,refunded,2025-09
O00135,C0059,Surge Protector,135.01,2023-01-26,cancelled,2023-01
O00929,C0139,Surge Protector,100.29,2023-10-13,cancelled,2023-10
O00473,C0037,Surge Protector,123.41,2023-10-06,cancelled,2023-10
O00005,C0137,HDMI Cable,77.44,2025-01-24,cancelled,2025-01
O00590,C0128,Webcam,359.79,2025-03-30,cancelled,2025-03
O00803,C0162,Marker Set,47.91,2023-09-30,pending,2023-09
O00660,C0176,Desk Lamp,88.06,2023-04-08,pending,2023-04
O00019,C0010,Pen Set,51.62,,refunded,
O00292,C0163,Webcam,219.44,2025-02-10,refunded,2025-02
O00022,C0076,Earbuds,119.37,2025-04-10,cancelled,2025-04
O00591,C0125,Mouse Pad,34.65,2023-09-08,completed,2023-09
O00243,C0088,Notebook,21.4,2024-11-10,refunded,2024-11
O00913,C0112,Keyboard,325.44,2025-10-28,pending,2025-10
O00606,C0138,Headphones,451.6,2025-04-03,cancelled,2025-04
O00335,C0108,HDMI Cable,49.87,2025-11-24,refunded,2025-11
O00616,C0169,Standing Desk,1754.19,2025-09-22,cancelled,2025-09
O00176,C0041,Wireless Mouse,33.27,2025-04-18,refunded,2025-04
O00464,C0140,Marker Set,17.31,2025-09-23,cancelled,2025-09
O00128,C0107,Backpack,237.02,2023-11-09,cancelled,2023-11
O00123,C0154,Power Bank,177.07,2023-02-24,completed,2023-02
O00841,C0120,Phone Case,98.84,2024-05-08,cancelled,2024-05
O00282,C0178,Earbuds,129.12,2024-10-09,pending,2024-10
O00048,C0055,Headphones,163.66,2024-05-11,completed,2024-05
O00511,C0025,External SSD,599.22,2023-08-06,completed,2023-08
O00506,C0036,Wireless Mouse,55.61,2024-05-03,refunded,2024-05
O00822,C0067,Power Bank,158.57,2024-05-21,completed,2024-05
O00051,C0081,Backpack,69.05,2023-10-26,refunded,2023-10
O00202,C0154,Laptop,2001.29,2024-09-17,pending,2024-09
O00943,C0076,External SSD,255.86,2025-05-12,completed,2025-05
O00328,C0071,HDMI Cable,49.59,2024-07-27,refunded,2024-07
O00833,C0097,Power Bank,194.62,2025-09-22,cancelled,2025-09
O00326,C0159,Notebook,26.45,2023-06-10,refunded,2023-06
O00446,C0081,Marker Set,10.78,2024-05-01,pending,2024-05
O00775,C0054,External SSD,356.20000000000005,2023-10-12,pending,2023-10
O00699,C0122,Headphones,596.91,2025-04-04,cancelled,2025-04
O00432,C0028,Backpack,119.01,2023-12-30,cancelled,2023-12
O00662,C0129,Laptop,1013.5,2024-01-09,cancelled,2024-01
O00588,C0031,USB Cable,44.98,2023-07-28,completed,2023-07
O00077,C0167,Power Bank,72.49,2024-02-16,cancelled,2024-02
O00688,C0133,Keyboard,83.45,2023-12-03,pending,2023-12
O00827,C0001,Monitor,364.33,2025-05-03,cancelled,2025-05
O00623,C0079,Laptop,4995.82,2023-04-22,completed,2023-04
O00734,C0071,Headphones,169.79,2024-06-01,cancelled,2024-06
O00285,C0138,Headphones,463.31,2023-06-04,completed,2023-06
O00575,C0088,Phone Case,55.69,2024-03-31,completed,2024-03
O00936,C0090,Monitor,1067.88,2024-06-27,completed,2024-06
O00974,C0022,USB Cable,11.84,2025-07-13,pending,2025-07
O00540,C0139,Monitor,1413.39,2024-03-05,pending,2024-03
O00218,C0058,Marker Set,29.77,2025-10-27,cancelled,2025-10
O00617,C0081,Power Bank,121.65,2025-04-13,cancelled,2025-04
O00291,C0100,HDMI Cable,50.17,2024-10-25,refunded,2024-10
O00395,C0094,Notebook,15.0,2023-02-19,cancelled,2023-02
O00068,C0116,HDMI Cable,33.88,2025-06-03,cancelled,2025-06
O00576,C0177,Bluetooth Speaker,268.1,2023-06-10,refunded,2023-06
O00239,C0126,Chair Mat,103.25,2025-11-04,cancelled,2025-11
O00330,C0118,Monitor,1756.45,2023-01-25,refunded,2023-01
O00815,C0040,HDMI Cable,29.04,2023-06-20,completed,2023-06
O00582,C0002,Surge Protector,46.1,2025-08-30,completed,2025-08
O00477,C0029,Earbuds,259.0,2024-07-26,refunded,2024-07
O00219,C0012,Desk Lamp,126.37,2024-11-22,completed,2024-11
O00337,C0066,HDMI Cable,21.24,2025-01-09,pending,2025-01
O00939,C0124,Marker Set,46.0,2023-10-11,cancelled,2023-10
O00012,C0082,HDMI Cable,53.98,2024-07-14,refunded,2024-07
O00705,C0073,Headphones,315.46,2023-09-08,pending,2023-09
O00917,C0117,Mouse Pad,61.42,2024-08-29,refunded,2024-08
O00010,C0118,Standing Desk,1508.63,2024-06-25,completed,2024-06
O00126,C0100,Earbuds,244.1,,cancelled,
O00322,C0174,Marker Set,32.98,2024-12-24,pending,2024-12
O00799,C0144,Tablet Stand,60.6,2025-03-20,completed,2025-03
O00149,C0067,Phone Case,38.79,2024-05-26,completed,2024-05
O00877,C0045,Mouse Pad,45.69,2023-07-15,refunded,2023-07
O00381,C0096,Backpack,255.61,2024-05-07,cancelled,2024-05
O00673,C0005,Backpack,131.39,2025-05-04,cancelled,2025-05
O00221,C0055,Surge Protector,37.73,2025-01-20,pending,2025-01
O00075,C0020,Notebook,36.58,2025-10-12,cancelled,2025-10
O00252,C0081,Marker Set,55.76,2024-08-18,completed,2024-08
O00367,C0177,Pen Set,52.08,2023-03-22,refunded,2023-03
O00191,C0037,Power Bank,186.97,2025-03-21,pending,2025-03
O00810,C0156,Pen Set,67.99,2023-01-13,cancelled,2023-01
O00912,C0033,Headphones,608.72,2024-12-12,refunded,2024-12
O00331,C0026,Chair Mat,160.29,2024-06-22,pending,2024-06
O00952,C0168,Tablet Stand,115.64,2025-01-30,pending,2025-01
O00185,C0174,Power Bank,67.99,2023-12-21,completed,2023-12
O00976,C0124,HDMI Cable,87.17,2025-06-13,refunded,2025-06
O00973,C0055,Wireless Mouse,76.68,2025-05-16,completed,2025-05
O00408,C0168,USB Cable,58.48,2023-10-10,refunded,2023-10
O00361,C0134,Whiteboard,96.8,2024-10-01,pending,2024-10
O00544,C0029,Marker Set,25.39,2023-02-16,refunded,2023-02
O00661,C0132,Monitor,1755.57,2024-06-02,cancelled,2024-06
O00847,C0080,Wireless Mouse,158.34,2025-05-17,completed,2025-05
O00619,C0135,Webcam,297.07,2023-09-08,refunded,2023-09
O00301,C0028,Laptop,2008.05,2025-05-09,completed,2025-05
O00420,C0049,Desk Lamp,164.91,2024-08-08,pending,2024-08
O00601,C0092,Backpack,176.38,2024-04-25,cancelled,2024-04
O00260,C0151,Standing Desk,2499.86,2024-02-01,cancelled,2024-02
O00524,C0152,Earbuds,185.45,2024-10-29,pending,2024-10
O00035,C0046,Standing Desk,2008.18,2024-04-01,pending,2024-04
O00172,C0043,Backpack,257.0,2025-02-07,refunded,2025-02
O00461,C0033,Mouse Pad,17.13,2023-08-08,cancelled,2023-08
O00066,C0099,Cable Organizer,46.74,2023-06-10,cancelled,2023-06
O00840,C0147,Marker Set,40.74,2023-06-28,refunded,2023-06
O00648,C0032,Notebook,6.08,2023-12-11,pending,2023-12
O00383,C0153,Laptop,4998.33,2023-01-14,completed,2023-01
O00362,C0141,Mouse Pad,13.32,2024-02-11,completed,2024-02
O00581,C0149,Cable Organizer,24.21,2024-07-31,refunded,2024-07
O00961,C0075,Notebook,46.35,2025-03-04,cancelled,2025-03
O00440,C0066,Keyboard,242.48,2023-01-13,pending,2023-01
O00393,C0035,HDMI Cable,74.9,2024-02-06,refunded,2024-02
O00622,C0140,Backpack,252.03,2023-10-24,cancelled,2023-10
O00111,C0024,Surge Protector,122.83,2023-05-10,cancelled,2023-05
O00638,C0061,Power Bank,157.64,,completed,
O00327,C0158,Laptop,5018.9,2025-01-30,refunded,2025-01
O00836,C0007,Power Bank,51.72,2024-05-24,refunded,2024-05
O00279,C0158,Webcam,137.85,2023-04-22,refunded,2023-04
O00766,C0076,External SSD,603.74,2025-08-10,cancelled,2025-08
O00611,C0158,Cable Organizer,82.33,2023-05-03,cancelled,2023-05
O00434,C0075,HDMI Cable,28.03,2024-11-05,completed,2024-11
O00457,C0051,Marker Set,41.91,2025-08-11,cancelled,2025-08
O00905,C0057,Chair Mat,206.94,2023-04-16,cancelled,2023-04
O00444,C0143,Standing Desk,500.2,2024-12-25,pending,2024-12
O00500,C0168,Tablet Stand,43.31,2024-06-29,cancelled,2024-06
O00740,C0062,Chair Mat,65.53,2024-04-29,cancelled,2024-04
O00211,C0057,Notebook,25.59,2024-11-09,pending,2024-11
O00814,C0021,Notebook,28.4,2025-05-15,cancelled,2025-05
O00170,C0082,Phone Case,35.53,,completed,
O00320,C0148,Webcam,299.11,2024-05-13,cancelled,2024-05
O00602,C0177,Keyboard,237.83,2024-10-29,cancelled,2024-10
O00785,C0085,Earbuds,246.47,2023-07-06,cancelled,2023-07
O00813,C0046,Power Bank,72.56,2024-02-17,refunded,2024-02
O00598,C0147,HDMI Cable,69.02,2023-04-25,refunded,2023-04
O00106,C0153,Standing Desk,1003.07,2024-08-15,refunded,2024-08
O00403,C0023,Phone Case,47.5,2023-02-14,refunded,2023-02
O00288,C0024,Pen Set,46.52,2023-12-06,completed,2023-12
O00735,C0001,Backpack,76.34,2025-04-13,refunded,2025-04
O00909,C0151,Mouse Pad,64.24,2024-03-06,refunded,2024-03
O00867,C0077,Notebook,29.24,2023-01-01,refunded,2023-01
O00704,C0078,Desk Lamp,155.66,2025-05-13,pending,2025-05
O00203,C0109,Pen Set,45.44,2024-09-10,cancelled,2024-09
O00178,C0040,Wireless Mouse,85.07,2025-09-10,completed,2025-09
O00257,C0092,External SSD,130.39,2024-04-04,cancelled,2024-04
O00988,C0106,Tablet Stand,95.15,2024-04-03,pending,2024-04
O00945,C0096,Wireless Mouse,41.56,2023-11-20,completed,2023-11
O00410,C0031,Phone Case,75.96,2023-03-02,cancelled,2023-03
O00982,C0129,Monitor,1411.18,2025-04-20,refunded,2025-04
O00447,C0056,Mouse Pad,35.35,2023-03-18,cancelled,2023-03
O00508,C0087,Surge Protector,33.13,2025-07-27,refunded,2025-07
O00829,C0116,Earbuds,139.74,2024-01-10,cancelled,2024-01
O00764,C0164,Earbuds,60.17,2025-07-14,pending,2025-07
O00479,C0080,Power Bank,52.58,2023-01-23,refunded,2023-01
O00302,C0122,Power Bank,170.93,2025-10-27,completed,2025-10
O00668,C0167,Bluetooth Speaker,376.01,2024-01-26,cancelled,2024-01
O00565,C0164,Tablet Stand,98.06,2024-08-12,completed,2024-08
O00726,C0088,Headphones,618.93,2023-10-01,refunded,2023-10
O00357,C0060,Keyboard,155.35,2025-05-10,refunded,2025-05
O00095,C0159,Phone Case,77.94,2023-10-02,pending,2023-10
O00205,C0077,Whiteboard,52.03,2024-07-20,pending,2024-07
O00494,C0023,Power Bank,74.38,2024-01-14,pending,2024-01
O00281,C0026,Desk Lamp,196.7,2025-09-22,pending,2025-09
O00275,C0073,Cable Organizer,68.5,2023-03-05,completed,2023-03
O00130,C0015,Bluetooth Speaker,108.11,2023-04-23,completed,2023-04
O00963,C0128,Monitor,1402.8,2023-11-27,cancelled,2023-11
O00709,C0043,Marker Set,18.29,2024-09-24,refunded,2024-09
O00746,C0050,Earbuds,130.91,2025-05-12,cancelled,2025-05
O00086,C0057,External SSD,364.75,2025-10-21,completed,2025-10
O00226,C0068,Mouse Pad,27.93,2023-11-25,completed,2023-11
O00142,C0053,Mouse Pad,29.48,2023-10-19,pending,2023-10
O00336,C0077,Webcam,156.27,2023-07-22,completed,2023-07
O00986,C0026,Tablet Stand,107.54,2024-08-16,cancelled,2024-08
O00223,C0013,Marker Set,14.41,2024-06-01,completed,2024-06
O00921,C0092,Bluetooth Speaker,269.39,2023-08-06,cancelled,2023-08
O00118,C0109,Marker Set,24.92,2023-07-02,refunded,2023-07
O00374,C0165,Pen Set,60.11,2024-06-08,cancelled,2024-06
O00888,C0132,Notebook,11.56,2025-02-03,completed,2025-02
O00222,C0097,Tablet Stand,89.25,2023-04-09,completed,2023-04
O00157,C0123,Standing Desk,2003.56,2024-10-20,completed,2024-10
O00780,C0007,Phone Case,36.72,2024-08-04,refunded,2024-08
O00525,C0059,Monitor,713.42,2025-02-08,refunded,2025-02
O00531,C0064,Bluetooth Speaker,275.83,2023-11-02,cancelled,2023-11
O00024,C0061,External SSD,378.82,2023-01-24,completed,2023-01
O00549,C0159,Phone Case,102.08,2023-11-11,pending,2023-11
O00031,C0015,Standing Desk,2011.78,2023-02-14,completed,2023-02
O00621,C0113,Backpack,131.39,2025-02-06,pending,2025-02
O00198,C0102,Tablet Stand,37.02,2025-09-28,refunded,2025-09
O00125,C0062,HDMI Cable,71.73,2023-01-25,completed,2023-01
O00949,C0109,Whiteboard,188.81,2025-10-24,cancelled,2025-10
O00261,C0048,Phone Case,72.31,2024-07-25,completed,2024-07
O00760,C0012,Cable Organizer,89.63,2024-08-25,pending,2024-08
O00535,C0150,Laptop,4006.55,2025-04-10,cancelled,2025-04
O00163,C0010,Keyboard,80.81,2025-09-05,completed,2025-09
O00006,C0150,Desk Lamp,49.91,2024-04-11,refunded,2024-04
O00560,C0107,External SSD,359.06,2025-05-18,completed,2025-05
O00615,C0109,Tablet Stand,25.04,2023-03-01,pending,2023-03
O00629,C0165,Tablet Stand,60.73,2023-10-06,pending,2023-10
O00496,C0066,Phone Case,72.31,2025-03-06,pending,2025-03
O00356,C0013,Standing Desk,499.64,2024-07-05,completed,2024-07
O00352,C0002,Standing Desk,1499.68,2025-06-14,cancelled,2025-06
O01000,C0054,Whiteboard,184.34,2025-07-12,completed,2025-07
O00121,C0106,Power Bank,156.46,2023-07-25,refunded,2023-07
O00033,C0121,Wireless Mouse,95.19,2025-05-10,cancelled,2025-05
O00876,C0071,Laptop,1004.42,2025-02-14,refunded,2025-02
